symbol,strategy,model_branch,signals_evaluated,signals_generated,executable_intents,blocked_intents,avg_signal_strength,avg_expected_return,avg_fee_adjusted_expected_return,realized_pnl,average_win,average_loss,expectancy,profit_factor,drawdown,closing_legs,blocked_intent_rate_pct,intent_conversion_rate_pct,winners,losers
00-USD,ml_enhanced_orderbook,unknown,39,37,0,37,0.3899146914,-0.1970958102,0.1718344832,0.0,,,,,0.0,0,100.000000,0.000000,0,0
1INCH-USD,ml_enhanced_orderbook,unknown,39,32,0,32,0.2744390770,0.2880428797,0.2592948748,0.0,,,,,0.0,0,100.000000,0.000000,0,0
2Z-USD,ml_enhanced_orderbook,unknown,39,7,0,7,0.1392363778,0.0116475501,0.1223888601,0.0,,,,,0.0,0,100.000000,0.000000,0,0
A8-USD,ml_enhanced_orderbook,unknown,39,33,0,33,0.3622322018,0.2742955445,0.2341349336,0.0,,,,,0.0,0,100.000000,0.000000,0,0
AAVE-USD,ml_enhanced_orderbook,unknown,39,15,0,15,0.1682690940,0.0457483587,0.2097467945,0.0,,,,,0.0,0,100.000000,0.000000,0,0
ABT-USD,ml_enhanced_orderbook,unknown,39,11,0,11,0.1235752327,0.0847299187,0.1629718204,0.0,,,,,0.0,0,100.000000,0.000000,0,0
ACH-USD,ml_enhanced_orderbook,unknown,39,11,0,11,0.1549911241,0.0935151455,0.1480284198,0.0,,,,,0.0,0,100.000000,0.000000,0,0
ACS-USD,ml_enhanced_orderbook,unknown,39,16,0,16,0.2968307428,-0.7470867150,0.0307218464,0.0,,,,,0.0,0,100.000000,0.000000,0,0
ADA-USD,ml_enhanced_orderbook,unknown,39,7,0,7,0.1269946477,-0.1961039704,0.2051146758,0.0,,,,,0.0,0,100.000000,0.000000,0,0
AERGO-USD,ml_enhanced_orderbook,unknown,39,16,0,16,0.2377085632,0.2075250759,0.2745839763,0.0,,,,,0.0,0,100.000000,0.000000,0,0
AERO-USD,ml_enhanced_orderbook,unknown,39,8,0,8,0.1301885325,0.1082588346,0.1474345984,0.0,,,,,0.0,0,100.000000,0.000000,0,0
AGLD-USD,ml_enhanced_orderbook,unknown,39,0,0,0,0.0987290634,,,0.0,,,,,0.0,0,,,0,0
AI-USD,ml_enhanced_orderbook,unknown,39,37,0,37,0.3076196449,-0.2224721047,0.2005113557,0.0,,,,,0.0,0,100.000000,0.000000,0,0
AIOZ-USD,ml_enhanced_orderbook,unknown,39,2,0,2,0.0972421957,0.1837988272,0.1650071939,0.0,,,,,0.0,0,100.000000,0.000000,0,0
AKT-USD,ml_enhanced_orderbook,unknown,39,7,0,7,0.1293393829,0.0057603264,0.4020794313,0.0,,,,,0.0,0,100.000000,0.000000,0,0
ALCX-USD,ml_enhanced_orderbook,unknown,39,39,0,39,0.3820640789,0.3635695233,0.3288274982,0.0,,,,,0.0,0,100.000000,0.000000,0,0
ALEO-USD,ml_enhanced_orderbook,unknown,39,39,0,39,0.7719032856,-0.6916524493,0.6664332101,0.0,,,,,0.0,0,100.000000,0.000000,0,0
ALEPH-USD,ml_enhanced_orderbook,unknown,39,39,0,39,0.6531705138,-0.5829636539,0.5562454809,0.0,,,,,0.0,0,100.000000,0.000000,0,0
ALGO-USD,ml_enhanced_orderbook,unknown,39,7,0,7,0.1396043998,-0.0663872920,0.1272883823,0.0,,,,,0.0,0,100.000000,0.000000,0,0
ALICE-USD,ml_enhanced_orderbook,unknown,39,5,0,5,0.0644121341,-0.1237335093,0.1668956609,0.0,,,,,0.0,0,100.000000,0.000000,0,0
ALIGN-USD,ml_enhanced_orderbook,unknown,39,15,0,15,0.1760276982,0.2988402414,0.2763417308,0.0,,,,,0.0,0,100.000000,0.000000,0,0
ALLO-USD,ml_enhanced_orderbook,unknown,39,32,0,32,0.3522938079,0.2314174683,0.2138087451,0.0,,,,,0.0,0,100.000000,0.000000,0,0
ALT-USD,ml_enhanced_orderbook,unknown,39,39,0,39,0.5033011291,-0.4627069365,0.4299944784,0.0,,,,,0.0,0,100.000000,0.000000,0,0
AMP-USD,ml_enhanced_orderbook,unknown,39,12,0,12,0.1555307256,-0.4079084545,0.1485589695,0.0,,,,,0.0,0,100.000000,0.000000,0,0
ANKR-USD,ml_enhanced_orderbook,unknown,39,1,0,1,0.0857227291,-0.0879147649,0.0451083133,0.0,,,,,0.0,0,100.000000,0.000000,0,0
APE-USD,ml_enhanced_orderbook,unknown,39,30,0,30,0.3915040208,0.5939480652,0.5762235455,0.0,,,,,0.0,0,100.000000,0.000000,0,0
API3-USD,ml_enhanced_orderbook,unknown,39,4,0,4,0.1476378000,0.2476615086,0.2249924454,0.0,,,,,0.0,0,100.000000,0.000000,0,0
APR-USD,ml_enhanced_orderbook,unknown,39,8,0,8,0.1303982611,-0.1471539419,0.1292183868,0.0,,,,,0.0,0,100.000000,0.000000,0,0
APT-USD,ml_enhanced_orderbook,unknown,39,4,0,4,0.1221893918,0.1786891595,0.1614035057,0.0,,,,,0.0,0,100.000000,0.000000,0,0
ARB-USD,ml_enhanced_orderbook,unknown,39,21,0,21,0.2651827289,0.2933166550,0.2752343716,0.0,,,,,0.0,0,100.000000,0.000000,0,0
ARKM-USD,ml_enhanced_orderbook,unknown,39,24,0,24,0.2544869086,0.2530154915,0.2257129507,0.0,,,,,0.0,0,100.000000,0.000000,0,0
ARPA-USD,ml_enhanced_orderbook,unknown,39,25,0,25,0.2076754622,-0.1751680118,0.1455897657,0.0,,,,,0.0,0,100.000000,0.000000,0,0
ARX-USD,ml_enhanced_orderbook,unknown,39,39,0,39,0.5157047197,-0.3903570634,0.3697279426,0.0,,,,,0.0,0,100.000000,0.000000,0,0
ASM-USD,ml_enhanced_orderbook,unknown,39,28,0,28,0.2711353861,0.2755355070,0.2396446572,0.0,,,,,0.0,0,100.000000,0.000000,0,0
AST-USD,ml_enhanced_orderbook,unknown,39,13,0,13,0.2696159532,0.1075280615,0.0672951009,0.0,,,,,0.0,0,100.000000,0.000000,0,0
ASTER-USD,ml_enhanced_orderbook,unknown,39,0,0,0,0.0433549368,,,0.0,,,,,0.0,0,,,0,0
ATH-USD,ml_enhanced_orderbook,unknown,39,39,0,39,0.4171431286,-0.3778142241,0.3387042678,0.0,,,,,0.0,0,100.000000,0.000000,0,0
ATOM-USD,ml_enhanced_orderbook,unknown,39,39,0,39,0.7977445095,0.6826256254,0.6651057235,0.0,,,,,0.0,0,100.000000,0.000000,0,0
AUCTION-USD,ml_enhanced_orderbook,unknown,39,0,0,0,0.1563280179,,,0.0,,,,,0.0,0,,,0,0
AUDIO-USD,ml_enhanced_orderbook,unknown,39,11,0,11,0.1876028963,0.1566432213,0.1318611202,0.0,,,,,0.0,0,100.000000,0.000000,0,0
AURORA-USD,ml_enhanced_orderbook,unknown,39,0,0,0,0.0203933729,,,0.0,,,,,0.0,0,,,0,0
AVAX-USD,ml_enhanced_orderbook,unknown,39,19,0,19,0.2018335217,0.1394431922,0.1222666354,0.0,,,,,0.0,0,100.000000,0.000000,0,0
AVNT-USD,ml_enhanced_orderbook,unknown,39,8,0,8,0.1518326619,0.0760499460,0.0580294454,0.0,,,,,0.0,0,100.000000,0.000000,0,0
AVT-USD,ml_enhanced_orderbook,unknown,39,18,0,18,0.3101690170,0.5029843061,0.4785182953,0.0,,,,,0.0,0,100.000000,0.000000,0,0
AWE-USD,ml_enhanced_orderbook,unknown,39,24,0,24,0.2368338710,0.2096524043,0.1857016896,0.0,,,,,0.0,0,100.000000,0.000000,0,0
AXL-USD,ml_enhanced_orderbook,unknown,39,0,0,0,0.0613156003,,,0.0,,,,,0.0,0,,,0,0
AXS-USD,ml_enhanced_orderbook,unknown,39,0,0,0,0.0470957462,,,0.0,,,,,0.0,0,,,0,0
AZTEC-USD,ml_enhanced_orderbook,unknown,39,5,0,5,0.1752385067,-0.1239968352,0.0996313709,0.0,,,,,0.0,0,100.000000,0.000000,0,0
B3-USD,ml_enhanced_orderbook,unknown,39,18,0,18,0.2655512832,0.5062589977,0.2813017633,0.0,,,,,0.0,0,100.000000,0.000000,0,0
BADGER-USD,ml_enhanced_orderbook,unknown,39,39,0,39,0.3408339016,0.2931638849,0.2574853218,0.0,,,,,0.0,0,100.000000,0.000000,0,0
BAL-USD,ml_enhanced_orderbook,unknown,39,2,0,2,0.0711762038,0.2586729303,0.2382628706,0.0,,,,,0.0,0,100.000000,0.000000,0,0
BAND-USD,ml_enhanced_orderbook,unknown,39,39,0,39,0.5305976203,0.4716241642,0.4487832545,0.0,,,,,0.0,0,100.000000,0.000000,0,0
BARD-USD,ml_enhanced_orderbook,unknown,39,39,0,39,0.4429024351,0.4124201215,0.3945240386,0.0,,,,,0.0,0,100.000000,0.000000,0,0
BASED1-USD,ml_enhanced_orderbook,unknown,39,8,0,8,0.1694975229,0.1360542695,0.1918920561,0.0,,,,,0.0,0,100.000000,0.000000,0,0
BAT-USD,ml_enhanced_orderbook,unknown,39,11,0,11,0.1744982429,-0.2506248666,0.2320261616,0.0,,,,,0.0,0,100.000000,0.000000,0,0
BCH-USD,ml_enhanced_orderbook,unknown,39,7,0,7,0.1463028541,0.2736526286,0.2563083627,0.0,,,,,0.0,0,100.000000,0.000000,0,0
BEAM-USD,ml_enhanced_orderbook,unknown,39,1,0,1,0.0583227624,-0.7721387744,0.6883831002,0.0,,,,,0.0,0,100.000000,0.000000,0,0
BERA-USD,ml_enhanced_orderbook,unknown,39,5,0,5,0.1274595446,0.1127550974,0.0938107258,0.0,,,,,0.0,0,100.000000,0.000000,0,0
BICO-USD,ml_enhanced_orderbook,unknown,39,10,0,10,0.1858353836,-0.3735230692,0.3512492797,0.0,,,,,0.0,0,100.000000,0.000000,0,0
BIGTIME-USD,ml_enhanced_orderbook,unknown,39,39,0,39,0.7412464382,0.6105642556,0.5772091165,0.0,,,,,0.0,0,100.000000,0.000000,0,0
BILL-USD,ml_enhanced_orderbook,unknown,39,38,0,38,0.7045037292,0.5782335495,0.5564091149,0.0,,,,,0.0,0,100.000000,0.000000,0,0
BIO-USD,ml_enhanced_orderbook,unknown,39,26,0,26,0.2915801724,-0.2904589650,0.2700019338,0.0,,,,,0.0,0,100.000000,0.000000,0,0
BIRB-USD,ml_enhanced_orderbook,unknown,39,12,0,12,0.2080454412,0.2110095421,0.1921430939,0.0,,,,,0.0,0,100.000000,0.000000,0,0
BLAST-USD,ml_enhanced_orderbook,unknown,39,2,0,2,0.0279836718,-0.3998967707,0.0161257417,0.0,,,,,0.0,0,100.000000,0.000000,0,0
BLEND-USD,ml_enhanced_orderbook,unknown,39,0,0,0,0.1255113641,,,0.0,,,,,0.0,0,,,0,0
BLUR-USD,ml_enhanced_orderbook,unknown,39,39,0,39,0.4732914620,-0.3911966460,0.3664293088,0.0,,,,,0.0,0,100.000000,0.000000,0,0
BLZ-USD,ml_enhanced_orderbook,unknown,39,39,0,39,0.5276143092,0.4894439532,0.4586863653,0.0,,,,,0.0,0,100.000000,0.000000,0,0
BNB-USD,ml_enhanced_orderbook,unknown,39,7,0,7,0.1286789630,-0.1730614134,0.1557754998,0.0,,,,,0.0,0,100.000000,0.000000,0,0
BNKR-USD,ml_enhanced_orderbook,unknown,39,6,0,6,0.1015945611,0.5496600916,0.1418696216,0.0,,,,,0.0,0,100.000000,0.000000,0,0
BNT-USD,ml_enhanced_orderbook,unknown,39,19,0,19,0.2246480513,0.1883363971,0.1675086710,0.0,,,,,0.0,0,100.000000,0.000000,0,0
BOBA-USD,ml_enhanced_orderbook,unknown,39,36,0,36,0.2601551261,-0.1610697067,0.1334876961,0.0,,,,,0.0,0,100.000000,0.000000,0,0
BOBBOB-USD,ml_enhanced_orderbook,unknown,39,0,0,0,0.0868619327,,,0.0,,,,,0.0,0,,,0,0
BONK-USD,ml_enhanced_orderbook,unknown,39,0,0,0,0.0820445201,,,0.0,,,,,0.0,0,,,0,0
BREV-USD,ml_enhanced_orderbook,unknown,39,3,0,3,0.1310912383,0.1349368791,0.1138800839,0.0,,,,,0.0,0,100.000000,0.000000,0,0
BTC-USD,ml_enhanced_orderbook,unknown,39,12,0,12,0.2298215623,0.3964830954,0.3794829656,0.0,,,,,0.0,0,100.000000,0.000000,0,0
BTRST-USD,ml_enhanced_orderbook,unknown,39,39,0,39,0.3403614630,-0.2144196706,0.1882301274,0.0,,,,,0.0,0,100.000000,0.000000,0,0
C98-USD,ml_enhanced_orderbook,unknown,39,0,0,0,0.0958483420,,,0.0,,,,,0.0,0,,,0,0
CAKE-USD,ml_enhanced_orderbook,unknown,39,39,0,39,0.7073713083,0.6103015787,0.5914272586,0.0,,,,,0.0,0,100.000000,0.000000,0,0
CAP-USD,ml_enhanced_orderbook,unknown,39,7,0,7,0.1019967022,0.1529128642,0.1518444540,0.0,,,,,0.0,0,100.000000,0.000000,0,0
CBETH-USD,ml_enhanced_orderbook,unknown,39,6,0,6,0.1098197035,0.2945729867,0.2773145523,0.0,,,,,0.0,0,100.000000,0.000000,0,0
CELR-USD,ml_enhanced_orderbook,unknown,39,6,0,6,0.1557254447,0.1386289597,0.0756146994,0.0,,,,,0.0,0,100.000000,0.000000,0,0
CFG-USD,ml_enhanced_orderbook,unknown,39,4,0,4,0.1453440229,0.1364525557,0.1185221492,0.0,,,,,0.0,0,100.000000,0.000000,0,0
CGLD-USD,ml_enhanced_orderbook,unknown,39,9,0,9,0.1659705860,0.1602562351,0.1386566214,0.0,,,,,0.0,0,100.000000,0.000000,0,0
CHECK-USD,ml_enhanced_orderbook,unknown,39,2,0,2,0.0858259719,-0.3438117206,0.3192474198,0.0,,,,,0.0,0,100.000000,0.000000,0,0
CHIP-USD,ml_enhanced_orderbook,unknown,39,0,0,0,0.0815414052,,,0.0,,,,,0.0,0,,,0,0
CHZ-USD,ml_enhanced_orderbook,unknown,39,39,0,39,0.4139732566,0.3697121770,0.3451508420,0.0,,,,,0.0,0,100.000000,0.000000,0,0
CLANKER-USD,ml_enhanced_orderbook,unknown,39,8,0,8,0.1379080243,-0.2312644813,0.2118007368,0.0,,,,,0.0,0,100.000000,0.000000,0,0
COMP-USD,ml_enhanced_orderbook,unknown,39,7,0,7,0.1299816196,-0.1992794807,0.2087751560,0.0,,,,,0.0,0,100.000000,0.000000,0,0
COOKIE-USD,ml_enhanced_orderbook,unknown,39,11,0,11,0.1544588445,0.1093633046,0.2467342822,0.0,,,,,0.0,0,100.000000,0.000000,0,0
CORECHAIN-USD,ml_enhanced_orderbook,unknown,39,6,0,6,0.1268191653,0.0865303197,0.0634626835,0.0,,,,,0.0,0,100.000000,0.000000,0,0
COSMOSDYDX-USD,ml_enhanced_orderbook,unknown,39,33,0,33,0.2887185172,-0.2738098283,0.2532702291,0.0,,,,,0.0,0,100.000000,0.000000,0,0
COTI-USD,ml_enhanced_orderbook,unknown,39,13,0,13,0.2563555634,0.5277761313,0.6266345107,0.0,,,,,0.0,0,100.000000,0.000000,0,0
COW-USD,ml_enhanced_orderbook,unknown,39,7,0,7,0.1378309328,0.0985672218,0.0783565074,0.0,,,,,0.0,0,100.000000,0.000000,0,0
CRO-USD,ml_enhanced_orderbook,unknown,39,0,0,0,0.0622096612,,,0.0,,,,,0.0,0,,,0,0
CRV-USD,ml_enhanced_orderbook,unknown,39,9,0,9,0.1793384527,0.1386876141,0.1211352762,0.0,,,,,0.0,0,100.000000,0.000000,0,0
CTR-USD,ml_enhanced_orderbook,unknown,39,5,0,5,0.0957410471,0.0916467778,0.1040080922,0.0,,,,,0.0,0,100.000000,0.000000,0,0
CTSI-USD,ml_enhanced_orderbook,unknown,39,8,0,8,0.1213590270,0.0773897616,0.0564430903,0.0,,,,,0.0,0,100.000000,0.000000,0,0
CTX-USD,ml_enhanced_orderbook,unknown,39,1,0,1,0.0618130511,-0.1109131128,0.0892198509,0.0,,,,,0.0,0,100.000000,0.000000,0,0
CVC-USD,ml_enhanced_orderbook,unknown,39,39,0,39,0.4752913041,0.4267487900,0.4040602943,0.0,,,,,0.0,0,100.000000,0.000000,0,0
CVX-USD,ml_enhanced_orderbook,unknown,39,23,0,23,0.2091225378,0.0854997236,0.0656481247,0.0,,,,,0.0,0,100.000000,0.000000,0,0
DASH-USD,ml_enhanced_orderbook,unknown,39,22,0,22,0.2508064209,0.2736201360,0.2551594978,0.0,,,,,0.0,0,100.000000,0.000000,0,0
DBR-USD,ml_enhanced_orderbook,unknown,39,9,0,9,0.2101235124,-0.1503896125,0.1267541473,0.0,,,,,0.0,0,100.000000,0.000000,0,0
DEEP-USD,ml_enhanced_orderbook,unknown,39,2,0,2,0.0618588229,0.0340792723,0.0094645690,0.0,,,,,0.0,0,100.000000,0.000000,0,0
DEGEN-USD,ml_enhanced_orderbook,unknown,39,2,0,2,0.0936951310,-0.1290591247,0.0171824430,0.0,,,,,0.0,0,100.000000,0.000000,0,0
DEXT-USD,ml_enhanced_orderbook,unknown,39,36,0,36,0.3579851798,0.3401301122,0.2928487622,0.0,,,,,0.0,0,100.000000,0.000000,0,0
DIA-USD,ml_enhanced_orderbook,unknown,39,10,0,10,0.2236275986,0.1390268944,0.1870593270,0.0,,,,,0.0,0,100.000000,0.000000,0,0
DIEM-USD,ml_enhanced_orderbook,unknown,39,4,0,4,0.1343722060,-0.0176359117,0.1009455500,0.0,,,,,0.0,0,100.000000,0.000000,0,0
DIMO-USD,ml_enhanced_orderbook,unknown,39,0,0,0,0.0407754613,,,0.0,,,,,0.0,0,,,0,0
DNT-USD,ml_enhanced_orderbook,unknown,39,0,0,0,0.0996450984,,,0.0,,,,,0.0,0,,,0,0
DOGE-USD,ml_enhanced_orderbook,unknown,39,1,0,1,0.0799139640,0.3891078234,0.3710226951,0.0,,,,,0.0,0,100.000000,0.000000,0,0
DOGINME-USD,ml_enhanced_orderbook,unknown,39,0,0,0,0.0298277178,,,0.0,,,,,0.0,0,,,0,0
DOLO-USD,ml_enhanced_orderbook,unknown,39,0,0,0,0.0755002519,,,0.0,,,,,0.0,0,,,0,0
DOOD-USD,ml_enhanced_orderbook,unknown,39,29,0,29,0.2446572053,0.2113545578,0.1190799398,0.0,,,,,0.0,0,100.000000,0.000000,0,0
DOT-USD,ml_enhanced_orderbook,unknown,39,6,0,6,0.1343672961,0.1992004445,0.1814863871,0.0,,,,,0.0,0,100.000000,0.000000,0,0
DRIFT-USD,ml_enhanced_orderbook,unknown,39,0,0,0,0.0727591072,,,0.0,,,,,0.0,0,,,0,0
DRV-USD,ml_enhanced_orderbook,unknown,39,36,0,36,0.3314459488,0.5664324553,0.5467727471,0.0,,,,,0.0,0,100.000000,0.000000,0,0
EDGE-USD,ml_enhanced_orderbook,unknown,39,8,0,8,0.1336827429,-0.0474328361,0.2205072143,0.0,,,,,0.0,0,100.000000,0.000000,0,0
EDGEX-USD,ml_enhanced_orderbook,unknown,39,0,0,0,0.0670814847,,,0.0,,,,,0.0,0,,,0,0
EGLD-USD,ml_enhanced_orderbook,unknown,39,29,0,29,0.2742384107,0.3240714433,0.3036997399,0.0,,,,,0.0,0,100.000000,0.000000,0,0
EIGEN-USD,ml_enhanced_orderbook,unknown,39,25,0,25,0.2971577777,0.2404221815,0.2228551315,0.0,,,,,0.0,0,100.000000,0.000000,0,0
ELA-USD,ml_enhanced_orderbook,unknown,39,39,0,39,0.5012248495,0.4145489052,0.3868254566,0.0,,,,,0.0,0,100.000000,0.000000,0,0
ELSA-USD,ml_enhanced_orderbook,unknown,39,15,0,15,0.2242608141,-0.1297816222,0.1097248240,0.0,,,,,0.0,0,100.000000,0.000000,0,0
ENA-USD,ml_enhanced_orderbook,unknown,39,11,0,11,0.1645052627,0.2328661572,0.2737312214,0.0,,,,,0.0,0,100.000000,0.000000,0,0
ENS-USD,ml_enhanced_orderbook,unknown,39,19,0,19,0.3423144603,0.4402585845,0.4209571893,0.0,,,,,0.0,0,100.000000,0.000000,0,0
ERA-USD,ml_enhanced_orderbook,unknown,39,5,0,5,0.0992582131,0.0759999074,0.0549008318,0.0,,,,,0.0,0,100.000000,0.000000,0,0
ESP-USD,ml_enhanced_orderbook,unknown,39,5,0,5,0.1221856971,-0.0614734471,0.0918865208,0.0,,,,,0.0,0,100.000000,0.000000,0,0
ETC-USD,ml_enhanced_orderbook,unknown,39,9,0,9,0.1305240748,0.0170447516,0.0978856278,0.0,,,,,0.0,0,100.000000,0.000000,0,0
ETH-USD,ml_enhanced_orderbook,unknown,39,8,0,8,0.1262111431,-0.1920410683,0.1835137104,0.0,,,,,0.0,0,100.000000,0.000000,0,0
ETHFI-USD,ml_enhanced_orderbook,unknown,39,1,0,1,0.1293023794,0.0287067275,0.0099569463,0.0,,,,,0.0,0,100.000000,0.000000,0,0
EUL-USD,ml_enhanced_orderbook,unknown,39,0,0,0,0.0437643209,,,0.0,,,,,0.0,0,,,0,0
FAI-USD,ml_enhanced_orderbook,unknown,39,7,0,7,0.1593024225,0.2562147315,0.2040056728,0.0,,,,,0.0,0,100.000000,0.000000,0,0
FARM-USD,ml_enhanced_orderbook,unknown,39,25,0,25,0.2598794022,0.2660157970,0.2325518828,0.0,,,,,0.0,0,100.000000,0.000000,0,0
FARTCOIN-USD,ml_enhanced_orderbook,unknown,39,15,0,15,0.2064359531,0.3808213515,0.3709013718,0.0,,,,,0.0,0,100.000000,0.000000,0,0
FET-USD,ml_enhanced_orderbook,unknown,39,14,0,14,0.2031968717,-0.2918485648,0.3003736060,0.0,,,,,0.0,0,100.000000,0.000000,0,0
FIDA-USD,ml_enhanced_orderbook,unknown,39,0,0,0,0.0493396794,,,0.0,,,,,0.0,0,,,0,0
FIGHT-USD,ml_enhanced_orderbook,unknown,39,30,0,30,0.2505904751,-0.2646820873,0.2174826894,0.0,,,,,0.0,0,100.000000,0.000000,0,0
FIL-USD,ml_enhanced_orderbook,unknown,39,11,0,11,0.1507428692,0.1307482723,0.1327549706,0.0,,,,,0.0,0,100.000000,0.000000,0,0
FLOCK-USD,ml_enhanced_orderbook,unknown,39,5,0,5,0.1109999057,0.0371132854,0.3050525804,0.0,,,,,0.0,0,100.000000,0.000000,0,0
FLOKI-USD,ml_enhanced_orderbook,unknown,39,0,0,0,0.0246072820,,,0.0,,,,,0.0,0,,,0,0
FLOW-USD,ml_enhanced_orderbook,unknown,39,8,0,8,0.1057784720,-0.1136618282,0.0931408760,0.0,,,,,0.0,0,100.000000,0.000000,0,0
FLR-USD,ml_enhanced_orderbook,unknown,39,31,0,31,0.4897490759,0.5360647887,0.5050202434,0.0,,,,,0.0,0,100.000000,0.000000,0,0
FLUID-USD,ml_enhanced_orderbook,unknown,39,0,0,0,0.0597709487,,,0.0,,,,,0.0,0,,,0,0
FORT-USD,ml_enhanced_orderbook,unknown,39,0,0,0,0.0701713383,,,0.0,,,,,0.0,0,,,0,0
FORTH-USD,ml_enhanced_orderbook,unknown,39,0,0,0,0.1573761533,,,0.0,,,,,0.0,0,,,0,0
FOX-USD,ml_enhanced_orderbook,unknown,39,0,0,0,0.0279100664,,,0.0,,,,,0.0,0,,,0,0
FUN1-USD,ml_enhanced_orderbook,unknown,39,33,0,33,0.2301455095,0.1632249548,0.1420518541,0.0,,,,,0.0,0,100.000000,0.000000,0,0
G-USD,ml_enhanced_orderbook,unknown,39,0,0,0,0.0712644068,,,0.0,,,,,0.0,0,,,0,0
GEOD-USD,ml_enhanced_orderbook,unknown,39,39,0,39,0.6119803893,0.5964496426,0.5766364197,0.0,,,,,0.0,0,100.000000,0.000000,0,0
GFI-USD,ml_enhanced_orderbook,unknown,39,39,0,39,0.6177466420,-0.5614934013,0.5347961798,0.0,,,,,0.0,0,100.000000,0.000000,0,0
GHST-USD,ml_enhanced_orderbook,unknown,39,39,0,39,0.2968049210,0.2713446430,0.2520820995,0.0,,,,,0.0,0,100.000000,0.000000,0,0
GIGA-USD,ml_enhanced_orderbook,unknown,39,13,0,13,0.1893088818,0.3208029465,0.2593886768,0.0,,,,,0.0,0,100.000000,0.000000,0,0
GLM-USD,ml_enhanced_orderbook,unknown,39,0,0,0,0.0843245967,,,0.0,,,,,0.0,0,,,0,0
GMT-USD,ml_enhanced_orderbook,unknown,39,32,0,32,0.2518312836,-0.2849090686,0.2540074530,0.0,,,,,0.0,0,100.000000,0.000000,0,0
GNO-USD,ml_enhanced_orderbook,unknown,39,0,0,0,0.0485650297,,,0.0,,,,,0.0,0,,,0,0
GODS-USD,ml_enhanced_orderbook,unknown,39,23,0,23,0.2578913833,-0.2527541398,0.2593258093,0.0,,,,,0.0,0,100.000000,0.000000,0,0
GROVE-USD,ml_enhanced_orderbook,unknown,39,38,0,38,0.6079098231,0.5014141955,0.4719958833,0.0,,,,,0.0,0,100.000000,0.000000,0,0
GRT-USD,ml_enhanced_orderbook,unknown,39,33,0,33,0.3759771161,0.2217312072,0.1984580360,0.0,,,,,0.0,0,100.000000,0.000000,0,0
GRVT-USD,ml_enhanced_orderbook,unknown,39,21,0,21,0.2917689673,0.2410111177,0.2525316144,0.0,,,,,0.0,0,100.000000,0.000000,0,0
GST-USD,ml_enhanced_orderbook,unknown,39,39,0,39,0.3066746145,0.2439987436,0.1358565721,0.0,,,,,0.0,0,100.000000,0.000000,0,0
GTC-USD,ml_enhanced_orderbook,unknown,39,32,0,32,0.3712678449,-0.3621170372,0.3421094245,0.0,,,,,0.0,0,100.000000,0.000000,0,0
GWEI-USD,ml_enhanced_orderbook,unknown,39,10,0,10,0.1851247207,0.1372251242,0.1151006506,0.0,,,,,0.0,0,100.000000,0.000000,0,0
HBAR-USD,ml_enhanced_orderbook,unknown,39,2,0,2,0.0948327511,0.0838786326,0.0655827034,0.0,,,,,0.0,0,100.000000,0.000000,0,0
HFT-USD,ml_enhanced_orderbook,unknown,39,1,0,1,0.1667666420,-0.1405168325,0.1074525754,0.0,,,,,0.0,0,100.000000,0.000000,0,0
HIGH-USD,ml_enhanced_orderbook,unknown,39,11,0,11,0.1471860434,-0.1159533222,0.0906632048,0.0,,,,,0.0,0,100.000000,0.000000,0,0
HNT-USD,ml_enhanced_orderbook,unknown,39,5,0,5,0.1098891361,-0.0460461006,0.1512506337,0.0,,,,,0.0,0,100.000000,0.000000,0,0
HOME-USD,ml_enhanced_orderbook,unknown,39,39,0,39,0.7592600477,0.6959488239,0.6627351033,0.0,,,,,0.0,0,100.000000,0.000000,0,0
HONEY-USD,ml_enhanced_orderbook,unknown,39,39,0,39,0.6835199480,0.5284372316,0.3427777553,0.0,,,,,0.0,0,100.000000,0.000000,0,0
HOPR-USD,ml_enhanced_orderbook,unknown,39,39,0,39,0.4401931266,0.3202186510,0.2943297621,0.0,,,,,0.0,0,100.000000,0.000000,0,0
HYPE-USD,ml_enhanced_orderbook,unknown,39,4,0,4,0.1024410791,-0.0445403047,0.1219963199,0.0,,,,,0.0,0,100.000000,0.000000,0,0
HYPER-USD,ml_enhanced_orderbook,unknown,39,0,0,0,0.0469235726,,,0.0,,,,,0.0,0,,,0,0
ICNT-USD,ml_enhanced_orderbook,unknown,39,1,0,1,0.0695555121,0.2057602406,0.1869981260,0.0,,,,,0.0,0,100.000000,0.000000,0,0
ICP-USD,ml_enhanced_orderbook,unknown,39,12,0,12,0.1630793014,0.0172269099,0.0832394167,0.0,,,,,0.0,0,100.000000,0.000000,0,0
ILV-USD,ml_enhanced_orderbook,unknown,39,0,0,0,0.0339469432,,,0.0,,,,,0.0,0,,,0,0
IMU-USD,ml_enhanced_orderbook,unknown,39,0,0,0,0.0925681569,,,0.0,,,,,0.0,0,,,0,0
IMX-USD,ml_enhanced_orderbook,unknown,39,7,0,7,0.1944678277,-0.1629228464,0.1678365832,0.0,,,,,0.0,0,100.000000,0.000000,0,0
INDEX-USD,ml_enhanced_orderbook,unknown,39,39,0,39,0.6371940390,0.6043435855,0.5869311293,0.0,,,,,0.0,0,100.000000,0.000000,0,0
INJ-USD,ml_enhanced_orderbook,unknown,39,15,0,15,0.2924218811,0.2721222515,0.3091205684,0.0,,,,,0.0,0,100.000000,0.000000,0,0
INV-USD,ml_enhanced_orderbook,unknown,39,18,0,18,0.2729696433,0.1705697435,0.1394173897,0.0,,,,,0.0,0,100.000000,0.000000,0,0
INX-USD,ml_enhanced_orderbook,unknown,39,4,0,4,0.1163875848,-0.2316475976,0.1996797594,0.0,,,,,0.0,0,100.000000,0.000000,0,0
IO-USD,ml_enhanced_orderbook,unknown,39,0,0,0,0.0761682773,,,0.0,,,,,0.0,0,,,0,0
IOTX-USD,ml_enhanced_orderbook,unknown,39,12,0,12,0.1877524746,0.1895535973,0.1578250261,0.0,,,,,0.0,0,100.000000,0.000000,0,0
IP-USD,ml_enhanced_orderbook,unknown,39,13,0,13,0.2237834111,0.3955775276,0.5753989091,0.0,,,,,0.0,0,100.000000,0.000000,0,0
IRYS-USD,ml_enhanced_orderbook,unknown,39,35,0,35,0.3098038253,-0.2925259160,0.2684333164,0.0,,,,,0.0,0,100.000000,0.000000,0,0
JASMY-USD,ml_enhanced_orderbook,unknown,39,39,0,39,0.5257688203,0.2361353040,0.1952904014,0.0,,,,,0.0,0,100.000000,0.000000,0,0
JITOSOL-USD,ml_enhanced_orderbook,unknown,39,1,0,1,0.0435210410,-0.0177143477,0.0000638883,0.0,,,,,0.0,0,100.000000,0.000000,0,0
JTO-USD,ml_enhanced_orderbook,unknown,39,13,0,13,0.1640810920,-0.0682541030,0.1775143655,0.0,,,,,0.0,0,100.000000,0.000000,0,0
JUPITER-USD,ml_enhanced_orderbook,unknown,39,0,0,0,0.0782926212,,,0.0,,,,,0.0,0,,,0,0
KAIO-USD,ml_enhanced_orderbook,unknown,39,0,0,0,0.0432492116,,,0.0,,,,,0.0,0,,,0,0
KAITO-USD,ml_enhanced_orderbook,unknown,39,13,0,13,0.1654215834,0.0374868489,0.4292436077,0.0,,,,,0.0,0,100.000000,0.000000,0,0
KARRAT-USD,ml_enhanced_orderbook,unknown,39,0,0,0,0.0474829328,,,0.0,,,,,0.0,0,,,0,0
KAT-USD,ml_enhanced_orderbook,unknown,39,0,0,0,0.0576387161,,,0.0,,,,,0.0,0,,,0,0
KAVA-USD,ml_enhanced_orderbook,unknown,39,35,0,35,0.8146297156,0.7650226559,0.7455633479,0.0,,,,,0.0,0,100.000000,0.000000,0,0
KERNEL-USD,ml_enhanced_orderbook,unknown,39,0,0,0,0.0550567144,,,0.0,,,,,0.0,0,,,0,0
KEYCAT-USD,ml_enhanced_orderbook,unknown,39,0,0,0,0.0568400623,,,0.0,,,,,0.0,0,,,0,0
KITE-USD,ml_enhanced_orderbook,unknown,39,15,0,15,0.2211480462,-0.4096436344,0.4384625484,0.0,,,,,0.0,0,100.000000,0.000000,0,0
KMNO-USD,ml_enhanced_orderbook,unknown,39,6,0,6,0.1165377467,0.2451626224,0.2240782102,0.0,,,,,0.0,0,100.000000,0.000000,0,0
KNC-USD,ml_enhanced_orderbook,unknown,39,6,0,6,0.1442070738,0.1639949922,0.1434995032,0.0,,,,,0.0,0,100.000000,0.000000,0,0
KRL-USD,ml_enhanced_orderbook,unknown,39,0,0,0,0.0098437141,,,0.0,,,,,0.0,0,,,0,0
KSM-USD,ml_enhanced_orderbook,unknown,39,0,0,0,0.0587740099,,,0.0,,,,,0.0,0,,,0,0
KTA-USD,ml_enhanced_orderbook,unknown,39,26,0,26,0.2658368394,0.2096608245,0.1861554309,0.0,,,,,0.0,0,100.000000,0.000000,0,0
L3-USD,ml_enhanced_orderbook,unknown,39,9,0,9,0.1730342048,0.1438297282,0.1028454760,0.0,,,,,0.0,0,100.000000,0.000000,0,0
LA-USD,ml_enhanced_orderbook,unknown,39,10,0,10,0.1673345985,-0.2815225154,0.2703589234,0.0,,,,,0.0,0,100.000000,0.000000,0,0
LAYER-USD,ml_enhanced_orderbook,unknown,39,35,0,35,0.2494936925,-0.2298618972,0.2104125326,0.0,,,,,0.0,0,100.000000,0.000000,0,0
LCX-USD,ml_enhanced_orderbook,unknown,39,39,0,39,0.5863242073,0.4081697487,0.3790732166,0.0,,,,,0.0,0,100.000000,0.000000,0,0
LDO-USD,ml_enhanced_orderbook,unknown,39,1,0,1,0.0768619325,0.5325329304,0.5147824822,0.0,,,,,0.0,0,100.000000,0.000000,0,0
LIGHTER-USD,ml_enhanced_orderbook,unknown,39,39,0,39,0.5796624101,0.3890532209,0.3713008106,0.0,,,,,0.0,0,100.000000,0.000000,0,0
LINEA-USD,ml_enhanced_orderbook,unknown,39,39,0,39,0.3747141522,0.3081604796,0.2495440862,0.0,,,,,0.0,0,100.000000,0.000000,0,0
LINK-USD,ml_enhanced_orderbook,unknown,39,2,0,2,0.0872573225,0.0872613126,0.0949038570,0.0,,,,,0.0,0,100.000000,0.000000,0,0
LMTS-USD,ml_enhanced_orderbook,unknown,39,39,0,39,0.4715624601,0.2860595095,0.2672179659,0.0,,,,,0.0,0,100.000000,0.000000,0,0
LPT-USD,ml_enhanced_orderbook,unknown,39,17,0,17,0.2148497185,0.2017076147,0.1773465296,0.0,,,,,0.0,0,100.000000,0.000000,0,0
LQTY-USD,ml_enhanced_orderbook,unknown,39,0,0,0,0.0282511076,,,0.0,,,,,0.0,0,,,0,0
LRDS-USD,ml_enhanced_orderbook,unknown,39,4,0,4,0.1461929231,0.0946411584,0.0593687994,0.0,,,,,0.0,0,100.000000,0.000000,0,0
LSETH-USD,ml_enhanced_orderbook,unknown,39,39,0,39,0.3360180274,0.2714820678,0.2435457921,0.0,,,,,0.0,0,100.000000,0.000000,0,0
LTC-USD,ml_enhanced_orderbook,unknown,39,11,0,11,0.1731169843,0.1887281127,0.1782379647,0.0,,,,,0.0,0,100.000000,0.000000,0,0
MAGIC-USD,ml_enhanced_orderbook,unknown,39,2,0,2,0.0817750641,0.0730463415,0.1196972720,0.0,,,,,0.0,0,100.000000,0.000000,0,0
MAMO-USD,ml_enhanced_orderbook,unknown,39,38,0,38,0.4987291331,-0.4340687451,0.4066362061,0.0,,,,,0.0,0,100.000000,0.000000,0,0
MANA-USD,ml_enhanced_orderbook,unknown,39,1,0,1,0.0818773568,0.0346341357,0.0149314330,0.0,,,,,0.0,0,100.000000,0.000000,0,0
MANTLE-USD,ml_enhanced_orderbook,unknown,39,10,0,10,0.2320807583,-0.1498364203,0.1320451868,0.0,,,,,0.0,0,100.000000,0.000000,0,0
MASK-USD,ml_enhanced_orderbook,unknown,39,0,0,0,0.1282678972,,,0.0,,,,,0.0,0,,,0,0
MATH-USD,ml_enhanced_orderbook,unknown,39,3,0,3,0.0960074933,0.1040944743,0.0718234165,0.0,,,,,0.0,0,100.000000,0.000000,0,0
MDT-USD,ml_enhanced_orderbook,unknown,39,39,0,39,0.5775670761,0.5019831795,0.4522098597,0.0,,,,,0.0,0,100.000000,0.000000,0,0
ME-USD,ml_enhanced_orderbook,unknown,39,0,0,0,0.1493305646,,,0.0,,,,,0.0,0,,,0,0
MEGA-USD,ml_enhanced_orderbook,unknown,39,36,0,36,0.5836393508,0.6166494100,0.5971446426,0.0,,,,,0.0,0,100.000000,0.000000,0,0
MET-USD,ml_enhanced_orderbook,unknown,39,32,0,32,0.3003637855,-0.2892166625,0.2707325940,0.0,,,,,0.0,0,100.000000,0.000000,0,0
META-USD,ml_enhanced_orderbook,unknown,39,2,0,2,0.0678855141,-0.2377650887,0.2109394457,0.0,,,,,0.0,0,100.000000,0.000000,0,0
METIS-USD,ml_enhanced_orderbook,unknown,39,32,0,32,0.3380123587,0.2505322387,0.2296621391,0.0,,,,,0.0,0,100.000000,0.000000,0,0
MEZO-USD,ml_enhanced_orderbook,unknown,39,11,0,11,0.1598510544,0.4479582208,0.4171967691,0.0,,,,,0.0,0,100.000000,0.000000,0,0
MINA-USD,ml_enhanced_orderbook,unknown,39,1,0,1,0.0770301396,-0.0367254727,0.0159801543,0.0,,,,,0.0,0,100.000000,0.000000,0,0
MLN-USD,ml_enhanced_orderbook,unknown,39,39,0,39,0.5282470209,0.4588787579,0.4293584968,0.0,,,,,0.0,0,100.000000,0.000000,0,0
MNDE-USD,ml_enhanced_orderbook,unknown,39,0,0,0,0.1001163404,,,0.0,,,,,0.0,0,,,0,0
MOG-USD,ml_enhanced_orderbook,unknown,39,0,0,0,0.0000000000,,,0.0,,,,,0.0,0,,,0,0
MON-USD,ml_enhanced_orderbook,unknown,39,4,0,4,0.0932088794,0.1039105579,0.1486138979,0.0,,,,,0.0,0,100.000000,0.000000,0,0
MOODENG-USD,ml_enhanced_orderbook,unknown,39,3,0,3,0.1382924110,0.3259300080,0.3066322986,0.0,,,,,0.0,0,100.000000,0.000000,0,0
MORPHO-USD,ml_enhanced_orderbook,unknown,39,21,0,21,0.3131661192,-0.4573168673,0.4395702781,0.0,,,,,0.0,0,100.000000,0.000000,0,0
MPLX-USD,ml_enhanced_orderbook,unknown,39,0,0,0,0.0933932760,,,0.0,,,,,0.0,0,,,0,0
MSOL-USD,ml_enhanced_orderbook,unknown,39,0,0,0,0.0540253633,,,0.0,,,,,0.0,0,,,0,0
NCT-USD,ml_enhanced_orderbook,unknown,39,39,0,39,0.2527651271,0.2506765605,0.2122920321,0.0,,,,,0.0,0,100.000000,0.000000,0,0
NEAR-USD,ml_enhanced_orderbook,unknown,39,6,0,6,0.1077995685,0.1156071443,0.2206413410,0.0,,,,,0.0,0,100.000000,0.000000,0,0
NEON-USD,ml_enhanced_orderbook,unknown,39,39,0,39,0.4942678939,0.4057977505,0.3689288281,0.0,,,,,0.0,0,100.000000,0.000000,0,0
NEWT-USD,ml_enhanced_orderbook,unknown,39,0,0,0,0.0759968486,,,0.0,,,,,0.0,0,,,0,0
NEX-USD,ml_enhanced_orderbook,unknown,39,0,0,0,0.1042560771,,,0.0,,,,,0.0,0,,,0,0
NKN-USD,ml_enhanced_orderbook,unknown,39,27,0,27,0.4870636822,-0.5417405058,0.5078175077,0.0,,,,,0.0,0,100.000000,0.000000,0,0
NMR-USD,ml_enhanced_orderbook,unknown,39,0,0,0,0.0000000000,,,0.0,,,,,0.0,0,,,0,0
NOICE-USD,ml_enhanced_orderbook,unknown,39,0,0,0,0.0331169107,,,0.0,,,,,0.0,0,,,0,0
NOM-USD,ml_enhanced_orderbook,unknown,39,14,0,14,0.2126310341,0.2407524266,0.2053167358,0.0,,,,,0.0,0,100.000000,0.000000,0,0
O-USD,ml_enhanced_orderbook,unknown,39,0,0,0,0.0441806301,,,0.0,,,,,0.0,0,,,0,0
OCEAN-USD,ml_enhanced_orderbook,unknown,39,23,0,23,0.2941971284,-0.1486632024,0.2088395009,0.0,,,,,0.0,0,100.000000,0.000000,0,0
OGN-USD,ml_enhanced_orderbook,unknown,39,6,0,6,0.1434008885,0.1936828941,0.1710490073,0.0,,,,,0.0,0,100.000000,0.000000,0,0
ONDO-USD,ml_enhanced_orderbook,unknown,39,10,0,10,0.1509818894,-0.0764252223,0.3555853125,0.0,,,,,0.0,0,100.000000,0.000000,0,0
OP-USD,ml_enhanced_orderbook,unknown,39,0,0,0,0.0881311048,,,0.0,,,,,0.0,0,,,0,0
OPG-USD,ml_enhanced_orderbook,unknown,39,21,0,21,0.3425229632,-0.4310674078,0.4120257035,0.0,,,,,0.0,0,100.000000,0.000000,0,0
OPN-USD,ml_enhanced_orderbook,unknown,39,36,0,36,0.3454214594,-0.3388481538,0.3176431834,0.0,,,,,0.0,0,100.000000,0.000000,0,0
ORCA-USD,ml_enhanced_orderbook,unknown,39,5,0,5,0.0855650515,0.1245539278,0.1574456636,0.0,,,,,0.0,0,100.000000,0.000000,0,0
OSMO-USD,ml_enhanced_orderbook,unknown,39,36,0,36,0.3833585370,0.2427514827,0.2227349796,0.0,,,,,0.0,0,100.000000,0.000000,0,0
OXT-USD,ml_enhanced_orderbook,unknown,39,3,0,3,0.1252260547,0.1934207728,0.1644733329,0.0,,,,,0.0,0,100.000000,0.000000,0,0
PAX-USD,ml_enhanced_orderbook,unknown,39,39,0,39,0.5278081542,0.4396997423,0.4037036670,0.0,,,,,0.0,0,100.000000,0.000000,0,0
PAXG-USD,ml_enhanced_orderbook,unknown,39,3,0,3,0.0952345589,-0.1208154385,0.1037522037,0.0,,,,,0.0,0,100.000000,0.000000,0,0
PENDLE-USD,ml_enhanced_orderbook,unknown,39,0,0,0,0.0570945633,,,0.0,,,,,0.0,0,,,0,0
PENGU-USD,ml_enhanced_orderbook,unknown,39,6,0,6,0.0978662536,-0.1037567578,0.0747704723,0.0,,,,,0.0,0,100.000000,0.000000,0,0
PEPE-USD,ml_enhanced_orderbook,unknown,39,0,0,0,0.0559741538,,,0.0,,,,,0.0,0,,,0,0
PERP-USD,ml_enhanced_orderbook,unknown,39,0,0,0,0.1878600247,,,0.0,,,,,0.0,0,,,0,0
PLU-USD,ml_enhanced_orderbook,unknown,39,7,0,7,0.1111697393,-0.1639271932,0.1178257269,0.0,,,,,0.0,0,100.000000,0.000000,0,0
PLUME-USD,ml_enhanced_orderbook,unknown,39,11,0,11,0.1547499844,-0.1613299251,0.1367455356,0.0,,,,,0.0,0,100.000000,0.000000,0,0
PNG-USD,ml_enhanced_orderbook,unknown,39,39,0,39,0.4852951566,0.4355926296,0.4012517403,0.0,,,,,0.0,0,100.000000,0.000000,0,0
PNUT-USD,ml_enhanced_orderbook,unknown,39,11,0,11,0.1602764674,0.1009494811,0.0802233813,0.0,,,,,0.0,0,100.000000,0.000000,0,0
POL-USD,ml_enhanced_orderbook,unknown,39,4,0,4,0.1222541466,-0.2310859375,0.2131182709,0.0,,,,,0.0,0,100.000000,0.000000,0,0
POLS-USD,ml_enhanced_orderbook,unknown,39,0,0,0,0.0472984312,,,0.0,,,,,0.0,0,,,0,0
POND-USD,ml_enhanced_orderbook,unknown,39,38,0,38,0.3387968968,0.5631127554,0.4051620099,0.0,,,,,0.0,0,100.000000,0.000000,0,0
POPCAT-USD,ml_enhanced_orderbook,unknown,39,0,0,0,0.0594404572,,,0.0,,,,,0.0,0,,,0,0
POWR-USD,ml_enhanced_orderbook,unknown,39,11,0,11,0.1786115246,0.1955552968,0.1745842841,0.0,,,,,0.0,0,100.000000,0.000000,0,0
PRCL-USD,ml_enhanced_orderbook,unknown,39,39,0,39,0.4279223092,0.3509898766,0.3171831540,0.0,,,,,0.0,0,100.000000,0.000000,0,0
PRIME-USD,ml_enhanced_orderbook,unknown,39,39,0,39,0.6233924367,-0.4747683459,0.4527137099,0.0,,,,,0.0,0,100.000000,0.000000,0,0
PRL-USD,ml_enhanced_orderbook,unknown,39,6,0,6,0.1529027959,-0.1554364450,0.2555000299,0.0,,,,,0.0,0,100.000000,0.000000,0,0
PRO-USD,ml_enhanced_orderbook,unknown,39,19,0,19,0.2232865392,0.2371746215,0.2184437056,0.0,,,,,0.0,0,100.000000,0.000000,0,0
PROMPT-USD,ml_enhanced_orderbook,unknown,39,19,0,19,0.2100411995,0.1349366048,0.1133684303,0.0,,,,,0.0,0,100.000000,0.000000,0,0
PROS-USD,ml_enhanced_orderbook,unknown,39,9,0,9,0.1247362144,-0.0679850094,0.1826572678,0.0,,,,,0.0,0,100.000000,0.000000,0,0
PROVE-USD,ml_enhanced_orderbook,unknown,39,13,0,13,0.1416302231,0.1408457630,0.1414840853,0.0,,,,,0.0,0,100.000000,0.000000,0,0
PUMP-USD,ml_enhanced_orderbook,unknown,39,4,0,4,0.1219893461,0.1238188893,0.1697342125,0.0,,,,,0.0,0,100.000000,0.000000,0,0
PUNDIX-USD,ml_enhanced_orderbook,unknown,39,10,0,10,0.1308815462,0.1425145078,0.1210345687,0.0,,,,,0.0,0,100.000000,0.000000,0,0
PYR-USD,ml_enhanced_orderbook,unknown,39,39,0,39,0.7643322563,0.7217788956,0.6990155837,0.0,,,,,0.0,0,100.000000,0.000000,0,0
PYTH-USD,ml_enhanced_orderbook,unknown,38,14,0,14,0.1393931304,0.2015276775,0.1823846022,0.0,,,,,0.0,0,100.000000,0.000000,0,0
QI-USD,ml_enhanced_orderbook,unknown,39,2,0,2,0.1569844010,0.1312158927,0.0396446772,0.0,,,,,0.0,0,100.000000,0.000000,0,0
QNT-USD,ml_enhanced_orderbook,unknown,39,9,0,9,0.1565225763,-0.2539571491,0.2360440599,0.0,,,,,0.0,0,100.000000,0.000000,0,0
RAD-USD,ml_enhanced_orderbook,unknown,39,0,0,0,0.0951582228,,,0.0,,,,,0.0,0,,,0,0
RARE-USD,ml_enhanced_orderbook,unknown,39,39,0,39,0.3347583597,-0.2763434561,0.2512174776,0.0,,,,,0.0,0,100.000000,0.000000,0,0
RARI-USD,ml_enhanced_orderbook,unknown,39,0,0,0,0.1272705197,,,0.0,,,,,0.0,0,,,0,0
RAVE-USD,ml_enhanced_orderbook,unknown,39,38,0,38,0.4436134367,0.3309419018,0.3127793956,0.0,,,,,0.0,0,100.000000,0.000000,0,0
RAY-USD,ml_enhanced_orderbook,unknown,39,10,0,10,0.1851440337,-0.2618113309,0.3160000402,0.0,,,,,0.0,0,100.000000,0.000000,0,0
RE-USD,ml_enhanced_orderbook,unknown,39,7,0,7,0.1152620570,0.0953354660,0.1474225670,0.0,,,,,0.0,0,100.000000,0.000000,0,0
RECALL-USD,ml_enhanced_orderbook,unknown,39,10,0,10,0.1570640805,0.1892766420,0.2654104047,0.0,,,,,0.0,0,100.000000,0.000000,0,0
RED-USD,ml_enhanced_orderbook,unknown,39,7,0,7,0.1565128409,0.2419843227,0.2227762247,0.0,,,,,0.0,0,100.000000,0.000000,0,0
RENDER-USD,ml_enhanced_orderbook,unknown,39,16,0,16,0.2607796861,-0.4367092224,0.4272488332,0.0,,,,,0.0,0,100.000000,0.000000,0,0
REQ-USD,ml_enhanced_orderbook,unknown,39,17,0,17,0.2462815917,0.3542790851,0.3310219343,0.0,,,,,0.0,0,100.000000,0.000000,0,0
REZ-USD,ml_enhanced_orderbook,unknown,39,13,0,13,0.1526266939,0.1512755849,0.2004327798,0.0,,,,,0.0,0,100.000000,0.000000,0,0
RLC-USD,ml_enhanced_orderbook,unknown,39,39,0,39,0.5866577679,-0.4442182328,0.4239064743,0.0,,,,,0.0,0,100.000000,0.000000,0,0
RLS-USD,ml_enhanced_orderbook,unknown,39,39,0,39,0.3903012562,0.4051691672,0.3307965476,0.0,,,,,0.0,0,100.000000,0.000000,0,0
RNBW-USD,ml_enhanced_orderbook,unknown,39,14,0,14,0.1381241091,0.1922491337,0.1686820645,0.0,,,,,0.0,0,100.000000,0.000000,0,0
ROBO-USD,ml_enhanced_orderbook,unknown,39,9,0,9,0.1526896079,0.2921073453,0.2680387463,0.0,,,,,0.0,0,100.000000,0.000000,0,0
ROSE-USD,ml_enhanced_orderbook,unknown,39,32,0,32,0.3111276702,-0.3737434061,0.3400272246,0.0,,,,,0.0,0,100.000000,0.000000,0,0
RPL-USD,ml_enhanced_orderbook,unknown,39,0,0,0,0.0511009598,,,0.0,,,,,0.0,0,,,0,0
RSC-USD,ml_enhanced_orderbook,unknown,39,0,0,0,0.0963563442,,,0.0,,,,,0.0,0,,,0,0
RSR-USD,ml_enhanced_orderbook,unknown,39,0,0,0,0.0312025026,,,0.0,,,,,0.0,0,,,0,0
S-USD,ml_enhanced_orderbook,unknown,39,22,0,22,0.2470559818,-0.2918238017,0.2710816360,0.0,,,,,0.0,0,100.000000,0.000000,0,0
SAFE-USD,ml_enhanced_orderbook,unknown,39,14,0,14,0.2876096306,-0.2486789064,0.3280288171,0.0,,,,,0.0,0,100.000000,0.000000,0,0
SAND-USD,ml_enhanced_orderbook,unknown,39,0,0,0,0.0744191495,,,0.0,,,,,0.0,0,,,0,0
SAPIEN-USD,ml_enhanced_orderbook,unknown,39,22,0,22,0.3745251426,0.3033414969,0.2850456942,0.0,,,,,0.0,0,100.000000,0.000000,0,0
SD-USD,ml_enhanced_orderbook,unknown,39,39,0,39,0.6528856395,0.5032864213,0.4818631103,0.0,,,,,0.0,0,100.000000,0.000000,0,0
SEI-USD,ml_enhanced_orderbook,unknown,39,19,0,19,0.2129665763,0.2046265892,0.1854611995,0.0,,,,,0.0,0,100.000000,0.000000,0,0
SENT-USD,ml_enhanced_orderbook,unknown,39,39,0,39,0.4962874124,0.4628319373,0.4380604166,0.0,,,,,0.0,0,100.000000,0.000000,0,0
SHDW-USD,ml_enhanced_orderbook,unknown,39,38,0,38,0.6498321784,-0.4878277351,0.4624649711,0.0,,,,,0.0,0,100.000000,0.000000,0,0
SHIB-USD,ml_enhanced_orderbook,unknown,39,0,0,0,0.1223090516,,,0.0,,,,,0.0,0,,,0,0
SHPING-USD,ml_enhanced_orderbook,unknown,39,39,0,39,0.4822642345,0.4756719959,0.2768789887,0.0,,,,,0.0,0,100.000000,0.000000,0,0
SIGN-USD,ml_enhanced_orderbook,unknown,39,7,0,7,0.1426296146,0.1485199870,0.1180429493,0.0,,,,,0.0,0,100.000000,0.000000,0,0
SKL-USD,ml_enhanced_orderbook,unknown,39,2,0,2,0.0855595537,0.0971166641,0.0535788185,0.0,,,,,0.0,0,100.000000,0.000000,0,0
SKR-USD,ml_enhanced_orderbook,unknown,39,30,0,30,0.4846156853,0.4296337155,0.3997356733,0.0,,,,,0.0,0,100.000000,0.000000,0,0
SKY-USD,ml_enhanced_orderbook,unknown,39,9,0,9,0.1526782832,-0.1765619407,0.1580187371,0.0,,,,,0.0,0,100.000000,0.000000,0,0
SNX-USD,ml_enhanced_orderbook,unknown,39,8,0,8,0.1256774255,-0.1365037765,0.2003910520,0.0,,,,,0.0,0,100.000000,0.000000,0,0
SOL-USD,ml_enhanced_orderbook,unknown,39,34,0,34,0.3723792992,-0.2223408192,0.2052290600,0.0,,,,,0.0,0,100.000000,0.000000,0,0
SPA-USD,ml_enhanced_orderbook,unknown,39,39,0,39,0.8812779203,-0.6194743369,0.5564272662,0.0,,,,,0.0,0,100.000000,0.000000,0,0
SPELL-USD,ml_enhanced_orderbook,unknown,39,0,0,0,0.0667182770,,,0.0,,,,,0.0,0,,,0,0
SPK-USD,ml_enhanced_orderbook,unknown,39,15,0,15,0.1786469086,0.1260846744,0.1034726684,0.0,,,,,0.0,0,100.000000,0.000000,0,0
SPX-USD,ml_enhanced_orderbook,unknown,39,39,0,39,0.6126790261,0.6274754172,0.6089341001,0.0,,,,,0.0,0,100.000000,0.000000,0,0
SQD-USD,ml_enhanced_orderbook,unknown,39,11,0,11,0.1935432025,0.3280799006,0.3215072470,0.0,,,,,0.0,0,100.000000,0.000000,0,0
STG-USD,ml_enhanced_orderbook,unknown,39,13,0,13,0.1194788802,-0.1926648640,0.1794211202,0.0,,,,,0.0,0,100.000000,0.000000,0,0
STORJ-USD,ml_enhanced_orderbook,unknown,39,29,0,29,0.3014190702,0.3210466838,0.3011159594,0.0,,,,,0.0,0,100.000000,0.000000,0,0
STRK-USD,ml_enhanced_orderbook,unknown,38,33,0,33,0.4435752371,0.3051697358,0.2844370307,0.0,,,,,0.0,0,100.000000,0.000000,0,0
STX-USD,ml_enhanced_orderbook,unknown,39,1,0,1,0.0852016986,-0.0840622261,0.0661280832,0.0,,,,,0.0,0,100.000000,0.000000,0,0
SUI-USD,ml_enhanced_orderbook,unknown,39,3,0,3,0.1029010453,-0.0092625332,0.0425233614,0.0,,,,,0.0,0,100.000000,0.000000,0,0
SUKU-USD,ml_enhanced_orderbook,unknown,39,4,0,4,0.1442665984,0.2201611158,0.1811613357,0.0,,,,,0.0,0,100.000000,0.000000,0,0
SUP-USD,ml_enhanced_orderbook,unknown,39,39,0,39,0.6592975870,0.5512279631,0.5166971136,0.0,,,,,0.0,0,100.000000,0.000000,0,0
SUPER-USD,ml_enhanced_orderbook,unknown,39,1,0,1,0.1226592829,-0.0982861519,0.0789141620,0.0,,,,,0.0,0,100.000000,0.000000,0,0
SUSHI-USD,ml_enhanced_orderbook,unknown,39,19,0,19,0.2238282061,0.1767957767,0.1587973423,0.0,,,,,0.0,0,100.000000,0.000000,0,0
SWELL-USD,ml_enhanced_orderbook,unknown,39,34,0,34,0.2866248458,0.2485100364,0.0740297214,0.0,,,,,0.0,0,100.000000,0.000000,0,0
SWFTC-USD,ml_enhanced_orderbook,unknown,39,14,0,14,0.2877432039,-0.6874091625,0.6308168559,0.0,,,,,0.0,0,100.000000,0.000000,0,0
SXT-USD,ml_enhanced_orderbook,unknown,39,0,0,0,0.1232599317,,,0.0,,,,,0.0,0,,,0,0
SYND-USD,ml_enhanced_orderbook,unknown,39,39,0,39,0.6774921249,-0.5993578541,0.5685895361,0.0,,,,,0.0,0,100.000000,0.000000,0,0
SYRUP-USD,ml_enhanced_orderbook,unknown,39,16,0,16,0.2064048342,-0.1784530422,0.1608292251,0.0,,,,,0.0,0,100.000000,0.000000,0,0
T-USD,ml_enhanced_orderbook,unknown,39,39,0,39,0.4500325383,0.3999313819,0.3560160145,0.0,,,,,0.0,0,100.000000,0.000000,0,0
TAO-USD,ml_enhanced_orderbook,unknown,39,15,0,15,0.2208197928,-0.2734105498,0.2972978302,0.0,,,,,0.0,0,100.000000,0.000000,0,0
THQ-USD,ml_enhanced_orderbook,unknown,39,1,0,1,0.1117382278,-0.1106105372,0.0840274035,0.0,,,,,0.0,0,100.000000,0.000000,0,0
TIA-USD,ml_enhanced_orderbook,unknown,39,39,0,39,0.5600048991,0.4728049514,0.4554633917,0.0,,,,,0.0,0,100.000000,0.000000,0,0
TNSR-USD,ml_enhanced_orderbook,unknown,39,10,0,10,0.1433535170,-0.2631958820,0.2432305087,0.0,,,,,0.0,0,100.000000,0.000000,0,0
TON-USD,ml_enhanced_orderbook,unknown,39,7,0,7,0.1295896162,0.1499115622,0.1321208930,0.0,,,,,0.0,0,100.000000,0.000000,0,0
TOSHI-USD,ml_enhanced_orderbook,unknown,39,19,0,19,0.4671693093,-0.8882442807,0.0464294702,0.0,,,,,0.0,0,100.000000,0.000000,0,0
TOWNS-USD,ml_enhanced_orderbook,unknown,39,7,0,7,0.1681360609,0.2785184618,0.2195894395,0.0,,,,,0.0,0,100.000000,0.000000,0,0
TRAC-USD,ml_enhanced_orderbook,unknown,39,6,0,6,0.1270353258,-0.1170333590,0.2763345417,0.0,,,,,0.0,0,100.000000,0.000000,0,0
TRB-USD,ml_enhanced_orderbook,unknown,39,39,0,39,0.4822477202,0.3976177245,0.3790887505,0.0,,,,,0.0,0,100.000000,0.000000,0,0
TREE-USD,ml_enhanced_orderbook,unknown,39,23,0,23,0.2817646937,-0.2783987807,0.3167992805,0.0,,,,,0.0,0,100.000000,0.000000,0,0
TRIA-USD,ml_enhanced_orderbook,unknown,39,7,0,7,0.1386434990,0.2992074277,0.2677851047,0.0,,,,,0.0,0,100.000000,0.000000,0,0
TROLL-USD,ml_enhanced_orderbook,unknown,39,1,0,1,0.0803868651,0.1450979859,0.1077843722,0.0,,,,,0.0,0,100.000000,0.000000,0,0
TRUMP-USD,ml_enhanced_orderbook,unknown,39,11,0,11,0.1578221675,-0.0445213254,0.1672299595,0.0,,,,,0.0,0,100.000000,0.000000,0,0
TRUST-USD,ml_enhanced_orderbook,unknown,39,15,0,15,0.1996228588,0.2444379464,0.2249113326,0.0,,,,,0.0,0,100.000000,0.000000,0,0
TURBO-USD,ml_enhanced_orderbook,unknown,39,2,0,2,0.1164418786,-0.4883668721,0.3649553729,0.0,,,,,0.0,0,100.000000,0.000000,0,0
UMA-USD,ml_enhanced_orderbook,unknown,39,0,0,0,0.0473427710,,,0.0,,,,,0.0,0,,,0,0
UNI-USD,ml_enhanced_orderbook,unknown,39,14,0,14,0.2333275804,-0.3972947188,0.4865923037,0.0,,,,,0.0,0,100.000000,0.000000,0,0
UP-USD,ml_enhanced_orderbook,unknown,39,1,0,1,0.0954521067,0.3666465282,0.3477943334,0.0,,,,,0.0,0,100.000000,0.000000,0,0
USD1-USD,ml_enhanced_orderbook,unknown,39,0,0,0,0.0170671408,,,0.0,,,,,0.0,0,,,0,0
USDS-USD,ml_enhanced_orderbook,unknown,39,39,0,39,0.4028135347,-0.3430473318,0.3258473118,0.0,,,,,0.0,0,100.000000,0.000000,0,0
USDT-USD,ml_enhanced_orderbook,unknown,39,28,0,28,0.5092758704,-0.7073515696,0.6902515458,0.0,,,,,0.0,0,100.000000,0.000000,0,0
USELESS-USD,ml_enhanced_orderbook,unknown,39,8,0,8,0.1656563757,0.1162232761,0.0976774974,0.0,,,,,0.0,0,100.000000,0.000000,0,0
VARA-USD,ml_enhanced_orderbook,unknown,39,0,0,0,0.0666745068,,,0.0,,,,,0.0,0,,,0,0
VELO-USD,ml_enhanced_orderbook,unknown,39,1,0,1,0.0536336553,-0.0357573442,0.0135340483,0.0,,,,,0.0,0,100.000000,0.000000,0,0
VET-USD,ml_enhanced_orderbook,unknown,39,30,0,30,0.4395963684,-0.3783014427,0.3432518151,0.0,,,,,0.0,0,100.000000,0.000000,0,0
VIRTUAL-USD,ml_enhanced_orderbook,unknown,39,6,0,6,0.1351391171,-0.1811632061,0.1633061538,0.0,,,,,0.0,0,100.000000,0.000000,0,0
VOXEL-USD,ml_enhanced_orderbook,unknown,39,14,0,14,0.2423168211,-0.0501749845,0.1940715037,0.0,,,,,0.0,0,100.000000,0.000000,0,0
VTHO-USD,ml_enhanced_orderbook,unknown,39,0,0,0,0.0726640868,,,0.0,,,,,0.0,0,,,0,0
VVV-USD,ml_enhanced_orderbook,unknown,39,10,0,10,0.1874271316,0.2235138725,0.2168424694,0.0,,,,,0.0,0,100.000000,0.000000,0,0
W-USD,ml_enhanced_orderbook,unknown,39,34,0,34,0.2675836938,0.2084503148,0.1804631034,0.0,,,,,0.0,0,100.000000,0.000000,0,0
WAL-USD,ml_enhanced_orderbook,unknown,39,4,0,4,0.0977023367,-0.0083895754,0.0643246232,0.0,,,,,0.0,0,100.000000,0.000000,0,0
WAXL-USD,ml_enhanced_orderbook,unknown,39,39,0,39,0.9899751284,0.8445337552,0.8082627831,0.0,,,,,0.0,0,100.000000,0.000000,0,0
WCT-USD,ml_enhanced_orderbook,unknown,39,35,0,35,0.2464661805,0.1918590473,0.1717133277,0.0,,,,,0.0,0,100.000000,0.000000,0,0
WELL-USD,ml_enhanced_orderbook,unknown,39,25,0,25,0.2481218456,0.1821180215,0.1378155951,0.0,,,,,0.0,0,100.000000,0.000000,0,0
WET-USD,ml_enhanced_orderbook,unknown,39,0,0,0,0.1186369170,,,0.0,,,,,0.0,0,,,0,0
WIF-USD,ml_enhanced_orderbook,unknown,39,19,0,19,0.2373977456,0.2554403425,0.2403627095,0.0,,,,,0.0,0,100.000000,0.000000,0,0
WLD-USD,ml_enhanced_orderbook,unknown,39,20,0,20,0.2844096114,0.1516554733,0.1957415414,0.0,,,,,0.0,0,100.000000,0.000000,0,0
WLFI-USD,ml_enhanced_orderbook,unknown,39,20,0,20,0.2568479375,-0.2208139394,0.2020690826,0.0,,,,,0.0,0,100.000000,0.000000,0,0
WMTX-USD,ml_enhanced_orderbook,unknown,39,0,0,0,0.0503655659,,,0.0,,,,,0.0,0,,,0,0
WRON-USD,ml_enhanced_orderbook,unknown,39,24,0,24,0.3265425320,0.4355638654,0.4167662291,0.0,,,,,0.0,0,100.000000,0.000000,0,0
XAN-USD,ml_enhanced_orderbook,unknown,39,0,0,0,0.0913887958,,,0.0,,,,,0.0,0,,,0,0
XCN-USD,ml_enhanced_orderbook,unknown,39,37,0,37,0.3511094860,-0.3138057430,0.2694079171,0.0,,,,,0.0,0,100.000000,0.000000,0,0
XLM-USD,ml_enhanced_orderbook,unknown,39,13,0,13,0.1971328674,-0.1542122977,0.2348768066,0.0,,,,,0.0,0,100.000000,0.000000,0,0
XPL-USD,ml_enhanced_orderbook,unknown,39,9,0,9,0.1775440185,0.2907092515,0.2789726451,0.0,,,,,0.0,0,100.000000,0.000000,0,0
XRP-USD,ml_enhanced_orderbook,unknown,39,6,0,6,0.1078447620,-0.1951785448,0.1780208938,0.0,,,,,0.0,0,100.000000,0.000000,0,0
XTZ-USD,ml_enhanced_orderbook,unknown,39,9,0,9,0.1250884605,-0.1204023527,0.1024802853,0.0,,,,,0.0,0,100.000000,0.000000,0,0
XYO-USD,ml_enhanced_orderbook,unknown,39,39,0,39,0.3802263057,0.2930215960,0.2444808857,0.0,,,,,0.0,0,100.000000,0.000000,0,0
YB-USD,ml_enhanced_orderbook,unknown,39,21,0,21,0.2149286545,-0.1885101401,0.1673638405,0.0,,,,,0.0,0,100.000000,0.000000,0,0
YFI-USD,ml_enhanced_orderbook,unknown,39,36,0,36,0.4645795368,-0.5086574803,0.4895529692,0.0,,,,,0.0,0,100.000000,0.000000,0,0
ZAMA-USD,ml_enhanced_orderbook,unknown,39,17,0,17,0.2734070201,0.2203891422,0.4231485372,0.0,,,,,0.0,0,100.000000,0.000000,0,0
ZEC-USD,ml_enhanced_orderbook,unknown,39,9,0,9,0.1557378036,0.0802039570,0.2800566990,0.0,,,,,0.0,0,100.000000,0.000000,0,0
ZEN-USD,ml_enhanced_orderbook,unknown,39,14,0,14,0.2305355122,0.1460685826,0.4796496808,0.0,,,,,0.0,0,100.000000,0.000000,0,0
ZETA-USD,ml_enhanced_orderbook,unknown,39,19,0,19,0.2439284107,0.2456511894,0.2243707344,0.0,,,,,0.0,0,100.000000,0.000000,0,0
ZETACHAIN-USD,ml_enhanced_orderbook,unknown,39,0,0,0,0.0620595666,,,0.0,,,,,0.0,0,,,0,0
ZK-USD,ml_enhanced_orderbook,unknown,38,0,0,0,0.0960874585,,,0.0,,,,,0.0,0,,,0,0
ZKC-USD,ml_enhanced_orderbook,unknown,39,1,0,1,0.0827206564,-0.0429375954,0.0209748162,0.0,,,,,0.0,0,100.000000,0.000000,0,0
ZKP-USD,ml_enhanced_orderbook,unknown,39,17,0,17,0.2244772410,0.2217076193,0.2011614240,0.0,,,,,0.0,0,100.000000,0.000000,0,0
ZORA-USD,ml_enhanced_orderbook,unknown,39,17,0,17,0.2496788696,0.4283004990,0.3949203606,0.0,,,,,0.0,0,100.000000,0.000000,0,0
ZRO-USD,ml_enhanced_orderbook,unknown,39,12,0,12,0.2588176153,-0.1533291945,0.3424798179,0.0,,,,,0.0,0,100.000000,0.000000,0,0
ZRX-USD,ml_enhanced_orderbook,unknown,39,5,0,5,0.1508955497,-0.1528242983,0.1921381516,0.0,,,,,0.0,0,100.000000,0.000000,0,0
